english,asl_gloss
What is your name?,YOU NAME WHAT?
I am going to the store,STORE ME GO.
The weather is nice today,TODAY WEATHER NICE.
Did you finish your homework?,HOMEWORK YOU FINISH?
I don't understand that sign,THAT SIGN ME UNDERSTAND NOT.
My favorite color is blue,COLOR FAVORITE ME BLUE.
We should leave at five o'clock,FIVE O'CLOCK WE SHOULD LEAVE.
I am happy to see you,ME HAPPY SEE YOU.
Do you like to watch movies?,MOVIES WATCH YOU LIKE?
She has two brothers and one sister,SISTER ONE BROTHER TWO SHE HAVE.
The meeting is canceled,MEETING CANCEL.
Where is the nearest restroom?,RESTROOM NEAR WHERE?
I need to buy new shoes,SHOES NEW ME NEED BUY.
It was a very long day,DAY LONG VERY WAS.
Can you please help me with this?,THIS ME HELP PLEASE CAN YOU?
I woke up early this morning,THIS MORNING ME WAKE-UP EARLY.
He is a good student,STUDENT GOOD HE.
I will call you later,LATER ME WILL CALL YOU.
We are learning American Sign Language,ASL WE LEARNING.
Don't forget to lock the door,DOOR LOCK FORGET NOT.
I love to drink coffee,COFFEE DRINK ME LOVE.
Do you want to eat now?,EAT NOW YOU WANT?
That is a beautiful house,HOUSE BEAUTIFUL THAT.
I'm so tired I need a rest,ME TIRED SO ME NEED REST.
It's raining outside,OUTSIDE RAIN.
The test was really difficult,TEST DIFFICULT REALLY.
What time does the class start?,CLASS START TIME WHAT?
I feel sick today,TODAY ME FEEL SICK.
I live in New York City,NEW YORK CITY ME LIVE.
Let's go for a walk in the park,PARK WALK LET'S GO.
Did you see the news last night?,LAST NIGHT NEWS YOU SEE?
I have to study for my exam,EXAM ME MUST STUDY.
She is a very talented artist,ARTIST TALENTED VERY SHE.
The traffic was terrible this morning,THIS MORNING TRAFFIC TERRIBLE.
I'm going to the beach this weekend,THIS WEEKEND ME GO BEACH.
How many people are in your family?,FAMILY YOUR PEOPLE HOW-MANY?
Can you spell that word for me?,THAT WORD YOU SPELL ME?
I like to read books at night,NIGHT ME LIKE READ BOOKS.
I need a glass of water,WATER GLASS ME NEED.
Be careful when you cross the street,STREET CROSS CAREFUL BE.
I bought a new car yesterday,YESTERDAY CAR NEW ME BUY.
Do you prefer tea or coffee?,TEA COFFEE YOU PREFER WHICH?
The dog is sleeping on the floor,DOG FLOOR SLEEPING.
I will be there in ten minutes,TEN MINUTES ME WILL BE THERE.
It's cold outside wear a jacket,OUTSIDE COLD JACKET WEAR.
What did you eat for lunch?,LUNCH YOU EAT WHAT?
I lost my keys somewhere,KEYS ME LOST SOMEWHERE.
I need to save money for a trip,TRIP ME NEED SAVE MONEY.
The movie starts at seven thirty,MOVIE START SEVEN THIRTY.
I don't know the answer,ANSWER ME NOT KNOW.
I need to clean my room,ROOM ME NEED CLEAN.
Do you enjoy cooking?,COOKING YOU ENJOY?
I am learning to play the piano,PIANO ME LEARNING PLAY.
I need a new job,JOB NEW ME NEED.
The library opens at nine a.m,LIBRARY OPEN NINE A.M.
I am very busy this week,THIS WEEK ME BUSY VERY.
What is the problem?,PROBLEM WHAT?
I need a break from work,WORK ME NEED BREAK FROM.
The cat is chasing a mouse,CAT CHASE MOUSE.
I hope to travel soon,SOON ME HOPE TRAVEL.
Do you have any plans for the holiday?,HOLIDAY PLANS YOU HAVE?
I am hungry let's get something to eat,ME HUNGRY LET'S GET EAT.
I like your new haircut,HAIRCUT NEW YOUR ME LIKE.
She is wearing a red dress,DRESS RED SHE WEARING.
The supermarket is closed today,SUPERMARKET TODAY CLOSED.
I will start a new project next week,NEXT WEEK ME START PROJECT NEW.
Where did you put the book?,BOOK YOU PUT WHERE?
I am excited about the trip,TRIP ME EXCITED ABOUT.
Can you hear the music?,MUSIC YOU HEAR?
I will meet you at the corner,CORNER ME WILL MEET YOU.
The sun is shining brightly,SUN SHINE BRIGHTLY.
I need to practice my ASL skills,ASL SKILLS ME NEED PRACTICE.
It's time to go home,TIME GO HOME.
I feel much better now,NOW ME FEEL BETTER MUCH.
Is there a doctor in the building?,DOCTOR BUILDING THERE IS?
I'm looking for my glasses,GLASSES ME LOOKING FOR.
The class was interesting,CLASS INTERESTING WAS.
I need to charge my phone,PHONE ME NEED CHARGE.
Did you remember to turn off the lights?,LIGHTS TURN-OFF YOU REMEMBER?
I prefer quiet places,PLACES QUIET ME PREFER.
I will write you a letter,LETTER ME WILL WRITE YOU.
This soup is too hot,SOUP THIS HOT TOO.
Do you know how to swim?,SWIM HOW YOU KNOW?
I need to finish this report,REPORT THIS ME NEED FINISH.
The train is late today,TODAY TRAIN LATE.
I am proud of your achievements,ACHIEVEMENTS YOUR ME PROUD.
We went hiking in the mountains,MOUNTAINS WE GO HIKING.
I need to set an alarm for tomorrow,TOMORROW ME NEED SET ALARM.
The concert was amazing,CONCERT AMAZING WAS.
What kind of music do you listen to?,MUSIC KIND WHAT YOU LISTEN?
I will take a nap later,LATER ME WILL TAKE NAP.
The price is too high,PRICE HIGH TOO.
I need to organize my closet,CLOSET ME NEED ORGANIZE.
Did you enjoy the party?,PARTY YOU ENJOY?
I'm so glad it's Friday,FRIDAY ME GLAD SO.
I have a headache,HEADACHE ME HAVE.
I need to apologize to him,HIM ME NEED APOLOGIZE.
The computer is broken,COMPUTER BROKEN.
Do you want to play a game?,GAME YOU WANT PLAY?
I will buy groceries after work,WORK AFTER ME WILL BUY GROCERIES.
It's a beautiful sunset,SUNSET BEAUTIFUL.
I miss my family,FAMILY ME MISS.
The movie was sad,MOVIE SAD WAS.
I need new batteries for the remote,REMOTE ME NEED BATTERIES NEW.
What is the name of that street?,THAT STREET NAME WHAT?
I feel nervous about the interview,INTERVIEW ME FEEL NERVOUS ABOUT.
I will send you an email,EMAIL ME WILL SEND YOU.
The coffee shop is across the street,COFFEE SHOP STREET ACROSS.
I have a dentist appointment tomorrow,TOMORROW DENTIST APPOINTMENT ME HAVE.
It is very difficult to learn a new language,LANGUAGE NEW LEARN VERY DIFFICULT.
I hope you have a great day,DAY GREAT YOU HAVE I HOPE.
I am ready for the challenge,CHALLENGE ME READY FOR.
I want to save time,TIME ME WANT SAVE.
The light is too dim,LIGHT DIM TOO.
Do you believe in magic?,MAGIC YOU BELIEVE?
I need a deep breath,BREATH DEEP ME NEED.
The soup is delicious,SOUP DELICIOUS.
I will remember your kindness,KINDNESS YOUR ME WILL REMEMBER.
I have faith in you,FAITH YOU ME HAVE.
What is the purpose of this?,THIS PURPOSE WHAT?
I need to check the inventory,INVENTORY ME NEED CHECK.
I like the color purple,COLOR PURPLE ME LIKE.
Can you move a little closer?,CLOSER YOU MOVE LITTLE CAN?
I feel a great sense of peace,PEACE SENSE GREAT ME FEEL.
The decision is final,DECISION FINAL.
I will be back in a moment,MOMENT ME WILL BE BACK.
We must respect nature,NATURE WE MUST RESPECT.
I need to change my password,PASSWORD ME NEED CHANGE.
Did you get the memo?,MEMO YOU GET?
I want to master sign language,SIGN LANGUAGE ME WANT MASTER.
The air is fresh here,AIR HERE FRESH.
I will bring a snack,SNACK ME WILL BRING.
The dog is barking loudly,DOG BARK LOUDLY.
I need to find a solution,SOLUTION ME NEED FIND.
I hope for the best outcome,OUTCOME BEST ME HOPE FOR.
Do you have an open mind?,MIND OPEN YOU HAVE?
I will take responsibility,RESPONSIBILITY ME WILL TAKE.
The journey was long,JOURNEY LONG WAS.
I am happy with the result,RESULT ME HAPPY WITH.
What is the latest update?,UPDATE LATEST WHAT?
I need to recharge my batteries,BATTERIES ME NEED RECHARGE.
I prefer a simple life,LIFE SIMPLE ME PREFER.
Can you keep a secret?,SECRET YOU KEEP CAN?
I am thankful for your presence,PRESENCE YOUR ME THANKFUL FOR.
The view is spectacular,VIEW SPECTACULAR.
I need to renew my subscription,SUBSCRIPTION ME NEED RENEW.
I will start immediately,IMMEDIATELY ME WILL START.
The fire is getting bigger,FIRE BIGGER GETTING.
I value honesty in people,HONESTY PEOPLE ME VALUE.
What is your highest priority?,PRIORITY HIGHEST YOUR WHAT?
I need to review the document,DOCUMENT ME NEED REVIEW.
I will meet the deadline,DEADLINE ME WILL MEET.
The water is shallow here,WATER HERE SHALLOW.
Do you have enough time?,TIME ENOUGH YOU HAVE?
I am grateful for this opportunity,OPPORTUNITY THIS ME GRATEFUL FOR.
I need to clear my schedule,SCHEDULE ME NEED CLEAR.
The food tasted bland,FOOD TASTE BLAND.
I want to achieve success,SUCCESS ME WANT ACHIEVE.
The boat is sailing away,BOAT SAIL AWAY.
I need to confirm the details,DETAILS ME NEED CONFIRM.
The sky is turning orange,SKY ORANGE TURNING.
I will try my best,BEST ME WILL TRY.
Do you feel comfortable here?,HERE YOU FEEL COMFORTABLE?
I need to send this package,PACKAGE THIS ME NEED SEND.
The engine stopped working,ENGINE STOP WORK.
I am looking forward to the future,FUTURE ME LOOKING FORWARD TO.
What is your main goal?,GOAL MAIN YOUR WHAT?
I need to follow the rules,RULES ME NEED FOLLOW.
I will always support you,YOU ME WILL ALWAYS SUPPORT.
The music is too loud,MUSIC LOUD TOO.
I need a pen and paper,PEN PAPER ME NEED.
The problem is complex,PROBLEM COMPLEX.
I hope to see you again soon,SOON ME HOPE SEE YOU AGAIN.
I need to buy a gift,GIFT ME NEED BUY.
The window is dirty,WINDOW DIRTY.
I feel a strong connection,CONNECTION STRONG ME FEEL.
I need a new pair of gloves,GLOVES PAIR NEW ME NEED.
The story made me cry,STORY ME CRY MADE.
I want to remember this moment,MOMENT THIS ME WANT REMEMBER.
I need to check the oil level,OIL LEVEL ME NEED CHECK.
Do you understand the difference?,DIFFERENCE YOU UNDERSTAND?
I am ready to move on,MOVE ON ME READY.
The road is very slippery,ROAD SLIPPERY VERY.
I need to fix the chair,CHAIR ME NEED FIX.
I wish you good luck,GOOD LUCK ME WISH YOU.
The whole situation is confusing,SITUATION WHOLE CONFUSING.
I will find a way,WAY ME WILL FIND.
I need to buy a ticket,TICKET ME NEED BUY.
The machine is powerful,MACHINE POWERFUL.
I am tired of waiting,WAITING ME TIRED OF.
What is the next step?,STEP NEXT WHAT?
I need to adjust the settings,SETTINGS ME NEED ADJUST.
I will always be there for you,YOU ME WILL ALWAYS BE THERE.
The air smells sweet,AIR SMELL SWEET.
I need to finish the series,SERIES ME NEED FINISH.
I hope to learn more,MORE ME HOPE LEARN.
Do you have a backup plan?,PLAN BACKUP YOU HAVE?
I am excited about the progress,PROGRESS ME EXCITED ABOUT.
I need to clean the mirror,MIRROR ME NEED CLEAN.
The secret is safe with me,SECRET ME SAFE WITH.
I will celebrate my birthday,BIRTHDAY ME WILL CELEBRATE.
The fence is broken,FENCE BROKEN.
I need to take a shower,SHOWER ME NEED TAKE.
I appreciate your patience,PATIENCE YOUR ME APPRECIATE.
The floor is slippery,FLOOR SLIPPERY.
I want to feel alive,ALIVE ME WANT FEEL.
I need to repair the roof,ROOF ME NEED REPAIR.
The movie was boring,MOVIE BORING WAS.
I will stand by my word,WORD ME WILL STAND BY.
I need to check the mailbox,MAILBOX ME NEED CHECK.
I feel a cold draft,DRAFT COLD ME FEEL.
I want to make a difference,DIFFERENCE ME WANT MAKE.
I need to measure the distance,DISTANCE ME NEED MEASURE.
The problem is solved,PROBLEM SOLVED.
I will see you tomorrow morning,TOMORROW MORNING ME WILL SEE YOU.
I feel disappointed with the outcome,OUTCOME ME FEEL DISAPPOINTED WITH.
The doctor gave me a prescription,DOCTOR PRESCRIPTION ME GIVE.
We are going to the mall later tonight,TONIGHT LATER WE GO MALL.
I need to buy milk eggs and bread,MILK EGGS BREAD ME NEED BUY.
What is the password for the Wi-Fi?,WI-FI PASSWORD WHAT?
I am learning how to change a tire,TIRE CHANGE HOW ME LEARNING.
The music volume is too low,MUSIC VOLUME LOW TOO.
Can you describe your new apartment?,APARTMENT NEW YOUR YOU DESCRIBE CAN?
I need to prepare a presentation,PRESENTATION ME NEED PREPARE.
I will start exercising next month,NEXT MONTH ME WILL START EXERCISE.
Did you remember to take out the trash?,TRASH TAKE-OUT YOU REMEMBER?
I want to travel around the world,WORLD AROUND ME WANT TRAVEL.
The weather will be cold tomorrow,TOMORROW WEATHER COLD WILL BE.
I have a meeting with my supervisor,SUPERVISOR MEETING ME HAVE.
I need to refill my water bottle,WATER BOTTLE ME NEED REFILL.
It's important to practice every day,EVERY DAY PRACTICE IMPORTANT.
I am afraid of heights,HEIGHTS ME AFRAID.
I need to set up my new computer,COMPUTER NEW ME NEED SET-UP.
The concert was held outdoors,CONCERT OUTDOORS HELD.
I'll be home around six o'clock,SIX O'CLOCK AROUND ME WILL HOME.
What's your favorite type of food?,FOOD TYPE FAVORITE YOUR WHAT?
I need to replace my eyeglasses,EYEGLASSES ME NEED REPLACE.
I can't find my car keys,CAR KEYS ME FIND CAN'T.
I will send a text message later,LATER ME WILL SEND TEXT MESSAGE.
The floor is very dusty,FLOOR DUSTY VERY.
I want to try that new restaurant,RESTAURANT NEW THAT ME WANT TRY.
I need to check the train departure time,TRAIN DEPARTURE TIME ME NEED CHECK.
I'm not sure how to fix this,THIS FIX HOW ME SURE NOT.
We need to save money for retirement,RETIREMENT MONEY WE NEED SAVE.
I am thankful for your advice,ADVICE YOUR ME THANKFUL FOR.
What is the meaning of this word?,WORD THIS MEANING WHAT?
I will clean the patio this weekend,THIS WEEKEND ME WILL CLEAN PATIO.
I need to finish reading this chapter,CHAPTER THIS ME NEED FINISH READ.
The package should arrive on Tuesday,TUESDAY PACKAGE SHOULD ARRIVE.
I don't feel like watching TV tonight,TONIGHT TV WATCH ME FEEL NOT.
Can you turn up the heat please?,HEAT YOU TURN UP PLEASE CAN?
I'm trying to learn calligraphy,CALLIGRAPHY ME TRYING LEARN.
I need to charge my camera battery,CAMERA BATTERY ME NEED CHARGE.
I have an interview for a new position,POSITION NEW ME HAVE INTERVIEW.
The grocery store is a short distance away,GROCERY STORE DISTANCE SHORT AWAY.
I need to buy a new belt,BELT NEW ME NEED BUY.
We visited the museum last month,LAST MONTH WE VISIT MUSEUM.
I feel much less stressed now,NOW ME FEEL STRESSED LESS MUCH.
I will call you after dinner,DINNER AFTER ME WILL CALL YOU.
The traffic jam was very long,TRAFFIC JAM LONG VERY.
I need to make photocopies of this,THIS ME NEED MAKE PHOTOCOPIES.
Do you have a suggestion for a good movie?,MOVIE GOOD SUGGESTION YOU HAVE?
I am ready to start the project now,NOW PROJECT START ME READY.
The meeting will take place at noon,NOON MEETING WILL TAKE PLACE.
I need to organize my tool box,TOOL BOX ME NEED ORGANIZE.
I will take my car to the mechanic,CAR MY ME WILL TAKE MECHANIC TO.
What are the rules of this game?,GAME THIS RULES WHAT?
I need to clean the gutters tomorrow,TOMORROW GUTTERS ME NEED CLEAN.
I'm looking forward to the holiday break,HOLIDAY BREAK ME LOOKING FORWARD TO.
I will return the borrowed book soon,BOOK BORROWED ME WILL RETURN SOON.
I need to practice my driving skills,DRIVING SKILLS ME NEED PRACTICE.
The lecture was difficult to follow,LECTURE FOLLOW DIFFICULT WAS.
I am not interested in that topic,THAT TOPIC ME INTERESTED NOT.
I need to pay my taxes by Friday,FRIDAY BY ME NEED PAY TAXES.
The children are playing outside,CHILDREN OUTSIDE PLAYING.
I will visit my parents next week,NEXT WEEK ME WILL VISIT PARENTS.
I need to buy some tape and glue,TAPE GLUE ME NEED BUY SOME.
The dog needs to go to the vet,DOG NEED GO VET.
I want to learn more about space,SPACE ABOUT ME WANT LEARN MORE.
I need to replace the kitchen faucet,KITCHEN FAUCET ME NEED REPLACE.
The sky is a beautiful shade of pink,SKY PINK SHADE BEAUTIFUL.
I will send you the document as a PDF,DOCUMENT ME WILL SEND YOU AS PDF.
I need to find my old photo album,PHOTO ALBUM OLD MY ME NEED FIND.
I am waiting for the approval,APPROVAL ME WAITING FOR.
I need to buy a new laptop case,LAPTOP CASE NEW ME NEED BUY.
The movie was released last month,LAST MONTH MOVIE RELEASED.
I need to empty the dishwasher,DISHWASHER ME NEED EMPTY.
I feel a sharp pain in my back,BACK MY PAIN SHARP ME FEEL.
I will try to be more organized,ORGANIZED MORE ME WILL TRY BE.
I need to vacuum the entire house,HOUSE ENTIRE ME NEED VACUUM.
The flowers smell really sweet,FLOWERS SMELL SWEET REALLY.
I want to buy a second-hand bicycle,BICYCLE SECOND-HAND ME WANT BUY.
I need to download a new app,APP NEW ME NEED DOWNLOAD.
The noise outside is bothering me,OUTSIDE NOISE ME BOTHERING.
I will call the customer service line,CUSTOMER SERVICE LINE ME WILL CALL.
I need to install a new security camera,SECURITY CAMERA NEW ME NEED INSTALL.
I am not feeling very creative today,TODAY ME FEEL CREATIVE NOT VERY.
I need to check the oven temperature,OVEN TEMPERATURE ME NEED CHECK.
The cat is sleeping on the window sill,CAT WINDOW SILL SLEEPING ON.
I will remember this conversation,CONVERSATION THIS ME WILL REMEMBER.
I need to buy a travel adapter,TRAVEL ADAPTER ME NEED BUY.
The presentation starts in five minutes,FIVE MINUTES PRESENTATION START.
I am very grateful for your support,SUPPORT YOUR ME GRATEFUL VERY.
I need to clean the shower drain,SHOWER DRAIN ME NEED CLEAN.
The music is perfect for dancing,MUSIC DANCING PERFECT FOR.
I will take the earliest train available,TRAIN AVAILABLE EARLIEST ME WILL TAKE.
I need to check the washing machine,WASHING MACHINE ME NEED CHECK.
I feel completely refreshed after the nap,NAP AFTER ME FEEL REFRESHED COMPLETELY.
I need to make a doctor's appointment,DOCTOR APPOINTMENT ME NEED MAKE.
The book is written in French,BOOK WRITTEN FRENCH IN.
I will start saving my vacation days,VACATION DAYS ME WILL START SAVE.
I need to return this item to the store,ITEM THIS ME NEED RETURN STORE TO.
The show will be recorded live,SHOW LIVE WILL BE RECORDED.
I need to check the inventory levels,INVENTORY LEVELS ME NEED CHECK.
I am going to buy a lottery ticket,LOTTERY TICKET ME GOING BUY.
I need to buy new windshield wipers,WINDSHIELD WIPERS NEW ME NEED BUY.
The flight was delayed by an hour,FLIGHT DELAYED ONE HOUR BY.
I need to replace the cabinet handle,CABINET HANDLE ME NEED REPLACE.
I need to seal the deck,DECK I NEED SEAL.
The elevator is very slow,ELEVATOR SLOW VERY.
I will check the oil filter,OIL FILTER I WILL CHECK.
I am taking a foreign language,LANGUAGE FOREIGN I TAKING.
I want to write a journal entry,JOURNAL ENTRY I WANT WRITE.
I need a new pair of socks,SOCKS PAIR NEW I NEED.
The soup is too thick,SOUP THICK TOO.
I will clean the refrigerator,REFRIGERATOR I WILL CLEAN.
I need to find the recipe,RECIPE I NEED FIND.
I am happy to be here,HERE I HAPPY BE.
I want to learn about coding,CODING ABOUT I WANT LEARN.
I need a box of matches,MATCHES BOX I NEED.
The noise is distracting me,NOISE ME DISTRACTING.
I will organize the drawers,DRAWERS I WILL ORGANIZE.
I need to check the plumbing,PLUMBING I NEED CHECK.
I am tired of the cold weather,WEATHER COLD I TIRED OF.
I want to be more outgoing,OUTGOING MORE I WANT BE.
I need a new trash can,TRASH CAN NEW I NEED.
The book is fiction,BOOK FICTION.
I will clean the headlights,HEADLIGHTS I WILL CLEAN.
I need to buy a dog leash,DOG LEASH I NEED BUY.
I am looking for a quiet area,AREA QUIET I LOOKING FOR.
I want to start a new hobby,HOBBY NEW I WANT START.
I need a coat rack,COAT RACK I NEED.
The door handle is loose,DOOR HANDLE LOOSE.
I will write a formal letter,LETTER FORMAL I WILL WRITE.
I need to find the apartment number,APARTMENT NUMBER I NEED FIND.
I am preparing for retirement,RETIREMENT I PREPARING FOR.
I want to learn calligraphy,CALLIGRAPHY I WANT LEARN.
I need a paper shredder,PAPER SHREDDER I NEED.
The traffic is heavy,TRAFFIC HEAVY.
I will check the water temperature,WATER TEMPERATURE I WILL CHECK.
I need to buy a kitchen towel,KITCHEN TOWEL I NEED BUY.
I am visiting my relatives,RELATIVES MY I VISITING.
I want to save time and money,TIME MONEY I WANT SAVE.
I need a bottle brush,BOTTLE BRUSH I NEED.
The coffee is too sweet,COFFEE SWEET TOO.
I will clean the counter tops,COUNTER TOPS I WILL CLEAN.
I need to check the expiration date,EXPIRATION DATE I NEED CHECK.
I am thinking about my future,FUTURE MY I THINKING ABOUT.
I want to paint the walls,WALLS I WANT PAINT.
I need a sewing machine,SEWING MACHINE I NEED.
The music is peaceful,MUSIC PEACEFUL.
I will check the mail,MAIL I WILL CHECK.
I need to find the address,ADDRESS I NEED FIND.
I am going to the seminar,I GO SEMINAR.
I want to learn meditation,MEDITATION I WANT LEARN.
I need a garden trowel,GARDEN TROWEL I NEED.
The blanket is soft,BLANKET SOFT.
I will bring a dessert,DESSERT I WILL BRING.
I need to buy a new charger,CHARGER NEW I NEED BUY.
I am waiting for a response,RESPONSE I WAITING FOR.
I want to buy a television,TELEVISION I WANT BUY.
I need a wrench set,WRENCH SET I NEED.
The weather is windy,WEATHER WINDY.
I will vacuum the stairs,STAIRS I WILL VACUUM.
I need to buy a dog collar,DOG COLLAR I NEED BUY.
I am trying to concentrate,CONCENTRATE I TRYING.
I want to be a vegetarian,VEGETARIAN I WANT BE.
I need a staple remover,STAPLE REMOVER I NEED.
The movie was dramatic,MOVIE DRAMATIC WAS.
I will sign the document,DOCUMENT I WILL SIGN.
I need to find the phone number,PHONE NUMBER I NEED FIND.
I am going to the concert,I GO CONCERT.
I want to visit a foreign country,COUNTRY FOREIGN I WANT VISIT.
I need a desk organizer,DESK ORGANIZER I NEED.
The car needs washing,CAR NEED WASHING.
I will replace the batteries,BATTERIES I WILL REPLACE.
I need to check the gas tank,GAS TANK I NEED CHECK.
I am feeling creative today,TODAY I FEEL CREATIVE.
I want to take a cooking class,COOKING CLASS I WANT TAKE.
I need a pair of gloves,GLOVES PAIR I NEED.
The floor is slippery,FLOOR SLIPPERY.
I will take the bus,BUS I WILL TAKE.
I need to buy a water hose,WATER HOSE I NEED BUY.
I am looking for a new apartment,APARTMENT NEW I LOOKING FOR.
I want to learn about philosophy,PHILOSOPHY I WANT LEARN ABOUT.
I need a cutting board,CUTTING BOARD I NEED.
The light is too dim,LIGHT DIM TOO.
I will write a research paper,RESEARCH PAPER I WILL WRITE.
I need to find the bus schedule,BUS SCHEDULE I NEED FIND.
I am feeling energized,I FEEL ENERGIZED.
I want to try skiing,SKIING I WANT TRY.
I need a lint roller,LINT ROLLER I NEED.
The bag is heavy,BAG HEAVY.
I will organize my recipes,RECIPES I WILL ORGANIZE.
I need to buy a new wallet,WALLET NEW I NEED BUY.
I am studying late tonight,TONIGHT I STUDY LATE.
I want to buy a birthday cake,BIRTHDAY CAKE I WANT BUY.
I need a key chain,KEY CHAIN I NEED.
The train is fast,TRAIN FAST.
I will check the weather,WEATHER I WILL CHECK.
I need to find the directions,DIRECTIONS I NEED FIND.
I am attending a workshop,WORKSHOP I ATTENDING.
I want to learn about history,HISTORY I WANT LEARN ABOUT.
I need a fire pit,FIRE PIT I NEED.
The sound is muffled,SOUND MUFFLED.
I will turn on the fan,FAN I WILL TURN-ON.
I need to buy new hiking boots,HIKING BOOTS NEW I NEED BUY.
English,ASL_Gloss
I need to clean the grout,GROUT I NEED CLEAN.
The movie was boring,MOVIE BORING WAS.
I will visit a friend,FRIEND I WILL VISIT.
I need to buy a bird cage,BIRD CAGE I NEED BUY.
I am looking for a good book,BOOK GOOD I LOOKING FOR.
I want to learn to surf,SURF I WANT LEARN.
I need a snow shovel,SNOW SHOVEL I NEED.
The shirt is stained,SHIRT STAINED.
I will check the tire air,TIRE AIR I WILL CHECK.
I need to find the building,BUILDING I NEED FIND.
I am worried about the cost,COST I WORRIED ABOUT.
I want to be helpful,HELPFUL I WANT BE.
I need a first aid guide,FIRST AID GUIDE I NEED.
The coffee cup is empty,COFFEE CUP EMPTY.
I will bring my ID,ID I WILL BRING.
I need to buy gardening gloves,GARDENING GLOVES I NEED BUY.
I am confused by the map,MAP I CONFUSED BY.
I want to buy a house plant,HOUSE PLANT I WANT BUY.
I need a luggage tag,LUGGAGE TAG I NEED.
The chair is comfortable,CHAIR COMFORTABLE.
I will call a technician,TECHNICIAN I WILL CALL.
I need to check the roof tiles,ROOF TILES I NEED CHECK.
I am planning a big dinner,DINNER BIG I PLANNING.
I want to learn to sew,SEW I WANT LEARN.
I need a door stop,DOOR STOP I NEED.
The elevator is full,ELEVATOR FULL.
I will send a message to my boss,BOSS MESSAGE I WILL SEND.
I need to buy a welcome mat,WELCOME MAT I NEED BUY.
I am looking for a pharmacy,PHARMACY I LOOKING FOR.
I want to learn about coding,CODING I WANT LEARN ABOUT.
I need a picture frame,PICTURE FRAME I NEED.
The kitchen is messy,KITCHEN MESSY.
I will clean the keyboard,KEYBOARD I WILL CLEAN.
I need to find the gate number,GATE NUMBER I NEED FIND.
I am tired of waiting,WAITING I TIRED OF.
I want to try scuba diving,SCUBA DIVING I WANT TRY.
I need a new backpack,BACKPACK NEW I NEED.
The road is wet,ROAD WET.
I will check the temperature,TEMPERATURE I WILL CHECK.
I need to buy a new mouse,MOUSE NEW I NEED BUY.
I am ready for the challenge,CHALLENGE I READY FOR.
I want to buy a scooter,SCOOTER I WANT BUY.
I need a dust cloth,DUST CLOTH I NEED.
The oven is hot,OVEN HOT.
I will bring an appetizer,APPETIZER I WILL BRING.
I need to find a public phone,PUBLIC PHONE I NEED FIND.
I am going to the bookstore,I GO BOOKSTORE.
I want to visit a zoo,ZOO I WANT VISIT.
I need a new computer monitor,COMPUTER MONITOR NEW I NEED.
The phone battery is dead,PHONE BATTERY DEAD.
I will take a moment,MOMENT I WILL TAKE.
I need to buy new tennis shoes,TENNIS SHOES NEW I NEED BUY.
I am excited about the news,NEWS I EXCITED ABOUT.
I want to learn to paint,PAINT I WANT LEARN.
I need a pencil case,PENCIL CASE I NEED.
The dog is barking,DOG BARKING.
I will return to the office,OFFICE I WILL RETURN.
I need to check the windshield,WINDSHIELD I NEED CHECK.
I am looking for a recipe,RECIPE I LOOKING FOR.
I want to be more spontaneous,SPONTANEOUS MORE I WANT BE.
I need a paper towel roll,PAPER TOWEL ROLL I NEED.
The soup is warm,SOUP WARM.
I will organize the garage,GARAGE I WILL ORGANIZE.
I need to buy a water pitcher,WATER PITCHER I NEED BUY.
I am thinking about lunch,LUNCH I THINKING ABOUT.
I want to try pottery,POTTERY I WANT TRY.
I need a wire brush,WIRE BRUSH I NEED.
The stairs are slippery,STAIRS SLIPPERY.
I will call the insurance company,INSURANCE COMPANY I WILL CALL.
I need to find my house key,HOUSE KEY I NEED FIND.
I am going to the laundromat,I GO LAUNDROMAT.
I want to take a yoga class,YOGA CLASS I WANT TAKE.
I need a car jack,CAR JACK I NEED.
The movie is starting,MOVIE STARTING.
I will check the back door,BACK DOOR I WILL CHECK.
I need to buy a dog toy,DOG TOY I NEED BUY.
I am feeling relieved,I FEEL RELIEVED.
I want to learn about geology,GEOLOGY I WANT LEARN ABOUT.
I need a small cooler,COOLER SMALL I NEED.
The sidewalk is cracked,SIDEWALK CRACKED.
I will wipe the dust,DUST I WILL WIPE.
I need to buy new pillowcases,PILLOWCASES NEW I NEED BUY.
I am reading a long article,ARTICLE LONG I READING.
I want to visit a lighthouse,LIGHTHOUSE I WANT VISIT.
I need a kitchen scale,KITCHEN SCALE I NEED.
The music is gentle,MUSIC GENTLE.
I will check the volume,VOLUME I WILL CHECK.
I need to find the train track,TRAIN TRACK I NEED FIND.
I am planning a weekend trip,WEEKEND TRIP I PLANNING.
I want to try skateboarding,SKATEBOARDING I WANT TRY.
I need a large umbrella,UMBRELLA LARGE I NEED.
The phone is muted,PHONE MUTED.
I will close the blind,BLIND I WILL CLOSE.
I need to buy a calendar,CALENDAR I NEED BUY.
I am attending a seminar,SEMINAR I ATTENDING.
I want to save my money,MONEY MY I WANT SAVE.
I need a first aid kit,FIRST AID KIT I NEED.
The air is humid,AIR HUMID.
I need to check the house foundation,HOUSE FOUNDATION I NEED CHECK.
The movie was very romantic,MOVIE ROMANTIC VERY.
I will visit a theme park,THEME PARK I WILL VISIT.
I need to buy a small hammer,HAMMER SMALL I NEED BUY.
I am searching for old photos,PHOTOS OLD I SEARCHING FOR.
I want to learn to code,CODE I WANT LEARN.
I need a new pair of boots,BOOTS PAIR NEW I NEED.
The soup is bland,SOUP BLAND.
I will clean the gutters,GUTTERS I WILL CLEAN.
I need to find the exit sign,EXIT SIGN I NEED FIND.
I am happy to start this project,PROJECT THIS I HAPPY START.
I want to try rock climbing,ROCK CLIMBING I WANT TRY.
I need a large whiteboard,WHITEBOARD LARGE I NEED.
The dog is barking loudly,DOG BARK LOUDLY.
I will organize my contacts,CONTACTS I WILL ORGANIZE.
I need to check the water level,WATER LEVEL I NEED CHECK.
I am worried about my grades,GRADES MY I WORRIED ABOUT.
I want to be more polite,POLITE MORE I WANT BE.
I need a heavy duty chain,CHAIN HEAVY DUTY I NEED.
The clock is accurate,CLOCK ACCURATE.
I will sweep the porch,PORCH I WILL SWEEP.
I need to buy an oven mitt,OVEN MITT I NEED BUY.
I am reading a biography,BIOGRAPHY I READING.
I want to learn about mythology,MYTHOLOGY I WANT LEARN ABOUT.
I need a set of wrenches,WRENCHES SET I NEED.
The floor is dusty,FLOOR DUSTY.
I will wash the car,CAR I WILL WASH.
I need to find a restroom,RESTROOM I NEED FIND.
I am feeling exhausted,I FEEL EXHAUSTED.
I want to buy a comfortable couch,COUCH COMFORTABLE I WANT BUY.
I need a box of light bulbs,LIGHT BULBS BOX I NEED.
The window is dirty,WINDOW DIRTY.
I will fold the towels,TOWELS I WILL FOLD.
I need to check the car alignment,CAR ALIGNMENT I NEED CHECK.
I am thinking about my childhood,CHILDHOOD MY I THINKING ABOUT.
I want to be more social,SOCIAL MORE I WANT BE.
I need a small hand shovel,HAND SHOVEL SMALL I NEED.
The music is distracting,MUSIC DISTRACTING.
I will bring my own drink,DRINK OWN I WILL BRING.
I need to find the remote control,REMOTE CONTROL I NEED FIND.
I am planning a trip next year,NEXT YEAR TRIP I PLANNING.
I want to try windsurfing,WINDSURFING I WANT TRY.
I need a desk calendar,DESK CALENDAR I NEED.
The bag is light,BAG LIGHT.
I will check the front light,FRONT LIGHT I WILL CHECK.
I need to buy a bicycle lock,BICYCLE LOCK I NEED BUY.
I am going to the mountains,I GO MOUNTAINS.
I want to learn to play darts,DARTS I WANT LEARN PLAY.
I need a picture hanging kit,PICTURE HANGING KIT I NEED.
The gate is open,GATE OPEN.
I will write a thank-you email,THANK-YOU EMAIL I WILL WRITE.
I need to check the circuit breaker,CIRCUIT BREAKER I NEED CHECK.
I am feeling curious,I FEEL CURIOUS.
I want to buy a pair of jeans,JEANS PAIR I WANT BUY.
I need a box of matches,MATCHES BOX I NEED.
The weather is stormy,WEATHER STORMY.
I will take a bus,BUS I WILL TAKE.
I need to find the correct key,KEY CORRECT I NEED FIND.
I am looking for a quiet spot,SPOT QUIET I LOOKING FOR.
I want to learn about finance,FINANCE I WANT LEARN ABOUT.
I need a small trash bin,TRASH BIN SMALL I NEED.
The coffee is perfect,COFFEE PERFECT.
I will put away the dishes,DISHES I WILL PUT-AWAY.
I need to buy a door bell,DOOR BELL I NEED BUY.
I am going to a meeting,I GO MEETING.
I want to visit a cabin,CABIN I WANT VISIT.
I need a new doormat,DOORMAT NEW I NEED.
The room is spacious,ROOM SPACIOUS.
I will clean the baseboards,BASEBOARDS I WILL CLEAN.
I need to find the security code,SECURITY CODE I NEED FIND.
I am feeling sleepy,I FEEL SLEEPY.
I want to be on time,ON TIME I WANT BE.
I need a set of measuring cups,MEASURING CUPS SET I NEED.
The water is shallow,WATER SHALLOW.
I will check the back window,BACK WINDOW I WILL CHECK.
I need to buy new headphones,HEADPHONES NEW I NEED BUY.
I am thinking about dinner plans,DINNER PLANS I THINKING ABOUT.
I want to try knitting,KNITTING I WANT TRY.
I need a new shower curtain,SHOWER CURTAIN NEW I NEED.
The fire alarm is loud,FIRE ALARM LOUD.
I will turn off the stove,STOVE I WILL TURN-OFF.
I need to find my parking ticket,PARKING TICKET MY I NEED FIND.
I am going to the airport,I GO AIRPORT.
I want to take a dance class,DANCE CLASS I WANT TAKE.
I need a roll of duct tape,DUCT TAPE ROLL I NEED.
The traffic is light,TRAFFIC LIGHT.
I will bring a folding chair,FOLDING CHAIR I WILL BRING.
I need to check the brake fluid,BRAKE FLUID I NEED CHECK.
I am looking for my sweater,SWEATER MY I LOOKING FOR.
I want to learn about biology,BIOLOGY I WANT LEARN ABOUT.
I need a small desk fan,DESK FAN SMALL I NEED.
The tea is cold,TEA COLD.
I will write a short story,STORY SHORT I WILL WRITE.
I need to buy new batteries,BATTERIES NEW I NEED BUY.
I am feeling hungry,I FEEL HUNGRY.
I want to buy a pair of shorts,SHORTS PAIR I WANT BUY.
I need a picture wire,PICTURE WIRE I NEED.
The music is fast,MUSIC FAST.
I need to seal the windows,WINDOWS I NEED SEAL.
The movie was confusing,MOVIE CONFUSING WAS.
I will visit a friend's house,FRIEND HOUSE I WILL VISIT.
I need to buy a water dispenser,WATER DISPENSER I NEED BUY.
I am looking for my notebook,NOTEBOOK MY I LOOKING FOR.
I want to learn to bake bread,BAKE BREAD I WANT LEARN.
I need a new mouse pad,MOUSE PAD NEW I NEED.
The milk is expired,MILK EXPIRED.
I will sweep the kitchen floor,KITCHEN FLOOR I WILL SWEEP.
I need to find the charging cable,CHARGING CABLE I NEED FIND.
I am happy to help you,YOU I HAPPY HELP.
I want to try horseback riding,HORSEBACK RIDING I WANT TRY.
I need a large wall mirror,WALL MIRROR LARGE I NEED.
The bird is singing,BIRD SINGING.
I will organize the cabinet,CABINET I WILL ORGANIZE.
I need to check the tire pressure,TIRE PRESSURE I NEED CHECK.
I am tired of this routine,ROUTINE THIS I TIRED OF.
I want to be more thoughtful,THOUGHTFUL MORE I WANT BE.
I need a smoke detector,SMOKE DETECTOR I NEED.
The sidewalk is dry,SIDEWALK DRY.
I will wash the windows,WINDOWS I WILL WASH.
I need to buy a fire blanket,FIRE BLANKET I NEED BUY.
I am reading a travel guide,TRAVEL GUIDE I READING.
I want to learn about cooking,COOKING I WANT LEARN ABOUT.
I need a gardening fork,GARDENING FORK I NEED.
The price is too high,PRICE HIGH TOO.
I will fold the clothes,CLOTHES I WILL FOLD.
I need to check the chimney,CHIMNEY I NEED CHECK.
I am waiting for a package,PACKAGE I WAITING FOR.
I want to buy a backpack,BACKPACK I WANT BUY.
I need a small rug,RUG SMALL I NEED.
The couch is soft,COUCH SOFT.
I will mop the living room,LIVING ROOM I WILL MOP.
I need to find the volume button,VOLUME BUTTON I NEED FIND.
I am looking for a library book,LIBRARY BOOK I LOOKING FOR.
I want to try ice skating,ICE SKATING I WANT TRY.
I need a new pair of earphones,EARPHONES PAIR NEW I NEED.
The coffee is strong,COFFEE STRONG.
I will put away my shoes,SHOES I WILL PUT-AWAY.
I need to buy a toothbrush holder,TOOTHBRUSH HOLDER I NEED BUY.
I am studying chemistry,CHEMISTRY I STUDYING.
I want to visit a farm,FARM I WANT VISIT.
I need a battery charger,BATTERY CHARGER I NEED.
The door is heavy,DOOR HEAVY.
I will bring a snack,SNACK I WILL BRING.
I need to check the fuel level,FUEL LEVEL I NEED CHECK.
I am planning my finances,FINANCES I PLANNING.
I want to try kayaking,KAYAKING I WANT TRY.
I need a small pillow,PILLOW SMALL I NEED.
The light is bright,LIGHT BRIGHT.
I will write a memo,MEMO I WILL WRITE.
I need to find the screwdriver,SCREWDRIVER I NEED FIND.
I am feeling relieved,I FEEL RELIEVED.
I want to buy a new jacket,JACKET NEW I WANT BUY.
I need a dust cloth,DUST CLOTH I NEED.
The cup is full,CUP FULL.
I will take a break soon,SOON I WILL TAKE BREAK.
I need to check the kitchen sink,KITCHEN SINK I NEED CHECK.
I am going to the bank,I GO BANK.
I want to learn photography,PHOTOGRAPHY I WANT LEARN.
I need a new kitchen knife,KITCHEN KNIFE NEW I NEED.
The air is cold,AIR COLD.
I will bring my glasses,GLASSES MY I WILL BRING.
I need to buy a door knob,DOOR KNOB I NEED BUY.
I am looking for a new dentist,DENTIST NEW I LOOKING FOR.
I want to be more organized,ORGANIZED MORE I WANT BE.
I need a measuring spoon set,MEASURING SPOON SET I NEED.
The window is closed,WINDOW CLOSED.
I will wash the towels,TOWELS I WILL WASH.
I need to check the car battery,CAR BATTERY I NEED CHECK.
I am thinking about my career,CAREER MY I THINKING ABOUT.
I want to try birdwatching,BIRDWATCHING I WANT TRY.
I need a set of Allen keys,ALLEN KEYS SET I NEED.
The music is slow,MUSIC SLOW.
I will call my mother,MOTHER MY I WILL CALL.
I need to find the correct wire,WIRE CORRECT I NEED FIND.
I am attending a wedding,WEDDING I ATTENDING.
I want to visit a desert,DESERT I WANT VISIT.
I need a small clock,CLOCK SMALL I NEED.
The chair is wooden,CHAIR WOODEN.
I will clean the outside table,OUTSIDE TABLE I WILL CLEAN.
I need to buy a water bottle,WATER BOTTLE I NEED BUY.
I am studying physics,PHYSICS I STUDYING.
I want to buy a new mirror,MIRROR NEW I WANT BUY.
I need a new light fixture,LIGHT FIXTURE NEW I NEED.
The road is empty,ROAD EMPTY.
I will check the volume,VOLUME I WILL CHECK.
I need to find the remote,REMOTE I NEED FIND.
I am feeling motivated,I FEEL MOTIVATED.
I want to buy a new suitcase,SUITCASE NEW I WANT BUY.
I need a pair of earplugs,EARPLUGS PAIR I NEED.
The food is delicious,FOOD DELICIOUS.
I will write a letter to the editor,LETTER EDITOR I WILL WRITE.
I need to buy a roll of foil,FOIL ROLL I NEED BUY.
I am going to the museum,I GO MUSEUM.
I want to try wakeboarding,WAKEBOARDING I WANT TRY.
I need a dustpan set,DUSTPAN SET I NEED.
The sun is warm,SUN WARM.
I need to check the air quality,AIR QUALITY I NEED CHECK.
The lecture was technical,LECTURE TECHNICAL WAS.
I will visit a friend in the hospital,FRIEND HOSPITAL IN I WILL VISIT.
I need to buy new rubber boots,BOOTS RUBBER NEW I NEED BUY.
I am searching for old coins,COINS OLD I SEARCHING FOR.
I want to learn about philosophy,PHILOSOPHY I WANT LEARN ABOUT.
I need a large cooking spoon,COOKING SPOON LARGE I NEED.
The clock is exactly correct,CLOCK CORRECT EXACTLY.
I will clean the kitchen cabinets,KITCHEN CABINETS I WILL CLEAN.
I need to find the correct folder,FOLDER CORRECT I NEED FIND.
I am happy to see your success,SUCCESS YOUR I HAPPY SEE.
I want to try gardening,GARDENING I WANT TRY.
I need a small portable grill,GRILL PORTABLE SMALL I NEED.
The car is sputtering,CAR SPUTTERING.
I will organize my music files,MUSIC FILES I WILL ORGANIZE.
I need to check the fuse box,FUSE BOX I NEED CHECK.
I am worried about my health,HEALTH MY I WORRIED ABOUT.
I want to be more patient,PATIENT MORE I WANT BE.
I need a waterproof container,CONTAINER WATERPROOF I NEED.
The book is thin,BOOK THIN.
I will wash the blankets,BLANKETS I WILL WASH.
I need to buy a dog brush,DOG BRUSH I NEED BUY.
I am reading a financial report,REPORT FINANCIAL I READING.
I want to learn about world history,WORLD HISTORY I WANT LEARN ABOUT.
I need a new broom handle,BROOM HANDLE NEW I NEED.
The shelf is dusty,SHELF DUSTY.
I will check the back tires,TIRES BACK I WILL CHECK.
I need to find a new gym,GYM NEW I NEED FIND.
I am feeling energetic now,NOW I FEEL ENERGETIC.
I want to buy a comfortable pillow,PILLOW COMFORTABLE I WANT BUY.
I need a small screwdriver,SCREWDRIVER SMALL I NEED.
The rain is light,RAIN LIGHT.
I will fold the shirts,SHIRTS I WILL FOLD.
I need to check the door frame,DOOR FRAME I NEED CHECK.
I am thinking about our plans,PLANS OUR I THINKING ABOUT.
I want to try painting pottery,POTTERY PAINTING I WANT TRY.
I need a small mirror,MIRROR SMALL I NEED.
The phone is muted,PHONE MUTED.
I will bring a map,MAP I WILL BRING.
I need to find the power cord,POWER CORD I NEED FIND.
I am planning a big event,EVENT BIG I PLANNING.
I want to run a few miles,MILES FEW I WANT RUN.
I need a new cutting mat,CUTTING MAT NEW I NEED.
The light bulb is dim,LIGHT BULB DIM.
I will write a list of tasks,TASKS LIST I WILL WRITE.
I need to buy a bicycle helmet,BICYCLE HELMET I NEED BUY.
I am going to a meeting,I GO MEETING.
I want to learn to juggle,JUGGLE I WANT LEARN.
I need a desk blotter,DESK BLOTTER I NEED.
The traffic is stopped,TRAFFIC STOPPED.
I will check the gas cap,GAS CAP I WILL CHECK.
I need to find the main switch,SWITCH MAIN I NEED FIND.
I am feeling nostalgic,I FEEL NOSTALGIC.
I want to buy a new coat,COAT NEW I WANT BUY.
I need a set of tea towels,TEA TOWELS SET I NEED.
The chair is wobbly,CHAIR WOBBLY.
I will clean the bathroom floor,BATHROOM FLOOR I WILL CLEAN.
I need to check the appliance cord,APPLIANCE CORD I NEED CHECK.
I am looking for a good novel,NOVEL GOOD I LOOKING FOR.
I want to try ceramics,CERAMICS I WANT TRY.
I need a small rolling pin,ROLLING PIN SMALL I NEED.
The water is cloudy,WATER CLOUDY.
I will call a taxi,TAXI I WILL CALL.
I need to buy a new leash,LEASH NEW I NEED BUY.
I am studying literature,LITERATURE I STUDYING.
I want to visit a national park,NATIONAL PARK I WANT VISIT.
I need a new key ring,KEY RING NEW I NEED.
The movie was sad,MOVIE SAD WAS.
I will check the mailbox,MAILBOX I WILL CHECK.
I need to find the instruction manual,INSTRUCTION MANUAL I NEED FIND.
I am going to the library,I GO LIBRARY.
I want to take a swimming lesson,SWIMMING LESSON I WANT TAKE.
I need a rubber sink stopper,SINK STOPPER RUBBER I NEED.
The music is distracting,MUSIC DISTRACTING.
I will bring a jacket,JACKET I WILL BRING.
I need to buy a water spray bottle,WATER SPRAY BOTTLE I NEED BUY.
I am planning my meals,MEALS I PLANNING.
I want to try roller skating,ROLLER SKATING I WANT TRY.
I need a pair of work gloves,WORK GLOVES PAIR I NEED.
The window is open,WINDOW OPEN.
I will check the oven temperature,OVEN TEMPERATURE I WILL CHECK.
I need to find the remote for the fan,FAN REMOTE I NEED FIND.
I am thinking about our vacation,VACATION OUR I THINKING ABOUT.
I want to be a mentor,MENTOR I WANT BE.
I need a new desk lamp,DESK LAMP NEW I NEED.
The phone is charging,PHONE CHARGING.
I will write a postcard,POSTCARD I WILL WRITE.
I need to buy a box of tissues,TISSUES BOX I NEED BUY.
I am feeling alert,I FEEL ALERT.
I want to buy a small backpack,BACKPACK SMALL I WANT BUY.
I need a small corkscrew,CORKSCREW SMALL I NEED.
The road is slippery,ROAD SLIPPERY.
I will check the front window,FRONT WINDOW I WILL CHECK.
I need to find the ticket stub,TICKET STUB I NEED FIND.
I am going to the hair salon,I GO HAIR SALON.
I want to learn to invest,INVEST I WANT LEARN.
I need a weather radio,WEATHER RADIO I NEED.
The tea is hot,TEA HOT.
English,ASL_Gloss
I need to check the oil change sticker,OIL CHANGE STICKER I NEED CHECK.
The lecture was inspiring,LECTURE INSPIRING WAS.
I will visit an art gallery,ART GALLERY I WILL VISIT.
I need to buy new hiking socks,HIKING SOCKS NEW I NEED BUY.
I am looking for my phone charger,PHONE CHARGER MY I LOOKING FOR.
I want to learn about poetry,POETRY I WANT LEARN ABOUT.
I need a set of kitchen utensils,KITCHEN UTENSILS SET I NEED.
The clock is ticking slowly,CLOCK TICKING SLOWLY.
I will clean the windowsills,WINDOWSILLS I WILL CLEAN.
I need to find a public library,LIBRARY PUBLIC I NEED FIND.
I am happy to be finished,FINISHED I HAPPY BE.
I want to try photography,PHOTOGRAPHY I WANT TRY.
I need a large cooking pot,COOKING POT LARGE I NEED.
The air is stagnant,AIR STAGNANT.
I will organize my emails,EMAILS I WILL ORGANIZE.
I need to check the furnace,FURNACE I NEED CHECK.
I am worried about the cost of school,SCHOOL COST I WORRIED ABOUT.
I want to be more proactive,PROACTIVE MORE I WANT BE.
I need a fire safe box,FIRE SAFE BOX I NEED.
The book is long,BOOK LONG.
I will wash the bedspread,BEDSPREAD I WILL WASH.
I need to buy a dog kennel,DOG KENNEL I NEED BUY.
I am reading a historical novel,NOVEL HISTORICAL I READING.
I want to learn about human rights,HUMAN RIGHTS I WANT LEARN ABOUT.
I need a stapler,STAPLER I NEED.
The door is sticking,DOOR STICKING.
I will check the water meter,WATER METER I WILL CHECK.
I need to find the correct aisle,AISLE CORRECT I NEED FIND.
I am feeling discouraged,I FEEL DISCOURAGED.
I want to buy a new recliner,RECLINER NEW I WANT BUY.
I need a desk chair,DESK CHAIR I NEED.
The weather is changing,WEATHER CHANGING.
I will wipe down the walls,WALLS I WILL WIPE DOWN.
I need to buy new windshield fluid,WINDSHIELD FLUID NEW I NEED BUY.
I am thinking about my goals,GOALS MY I THINKING ABOUT.
I want to try paddleboarding,PADDLEBOARDING I WANT TRY.
I need a cork board,CORK BOARD I NEED.
The coffee is lukewarm,COFFEE LUKEWARM.
I will bring a side dish,SIDE DISH I WILL BRING.
I need to find the nearest exit,EXIT NEAREST I NEED FIND.
I am planning a surprise,SURPRISE I PLANNING.
I want to run in a race,RACE I WANT RUN.
I need a small filing cabinet,FILING CABINET SMALL I NEED.
The grass is tall,GRASS TALL.
I will check the back fence,BACK FENCE I WILL CHECK.
I need to buy a new shovel,SHOVEL NEW I NEED BUY.
I am visiting a cousin,COUSIN I VISITING.
I want to learn a foreign language,LANGUAGE FOREIGN I WANT LEARN.
I need a desk light,DESK LIGHT I NEED.
The phone is vibrating,PHONE VIBRATING.
I will organize the pantry,PANTRY I WILL ORGANIZE.
I need to find my immunization record,IMMUNIZATION RECORD MY I NEED FIND.
I am feeling energetic,I FEEL ENERGETIC.
I want to buy a leather jacket,JACKET LEATHER I WANT BUY.
I need a small portable speaker,SPEAKER PORTABLE SMALL I NEED.
The water is running fast,WATER RUNNING FAST.
I will write a thank you letter,THANK YOU LETTER I WILL WRITE.
I need to check the car manual,CAR MANUAL I NEED CHECK.
I am going to the barbershop,I GO BARBERSHOP.
I want to take a cooking demonstration,COOKING DEMONSTRATION I WANT TAKE.
I need a pair of noise-canceling headphones,HEADPHONES NOISE-CANCELING PAIR I NEED.
The clock is broken,CLOCK BROKEN.
I will bring my computer,COMPUTER MY I WILL BRING.
I need to buy a set of dishes,DISHES SET I NEED BUY.
I am looking for my birth certificate,BIRTH CERTIFICATE MY I LOOKING FOR.
I want to try watercolor painting,PAINTING WATERCOLOR I WANT TRY.
I need a small garden table,GARDEN TABLE SMALL I NEED.
The noise is very faint,NOISE FAINT VERY.
I will check the oven timer,OVEN TIMER I WILL CHECK.
I need to find the correct password,PASSWORD CORRECT I NEED FIND.
I am thinking about my family,FAMILY MY I THINKING ABOUT.
I want to be more grateful,GRATEFUL MORE I WANT BE.
I need a set of plastic containers,CONTAINERS PLASTIC SET I NEED.
The music is therapeutic,MUSIC THERAPEUTIC.
I will turn on the porch light,PORCH LIGHT I WILL TURN ON.
I need to buy a dog bed,DOG BED I NEED BUY.
I am reading a science journal,SCIENCE JOURNAL I READING.
I want to learn about engineering,ENGINEERING I WANT LEARN ABOUT.
I need a new yoga mat,YOGA MAT NEW I NEED.
The grass is dry,GRASS DRY.
I will clean the shower door,SHOWER DOOR I WILL CLEAN.
I need to check the house siding,HOUSE SIDING I NEED CHECK.
I am excited about the progress,PROGRESS I EXCITED ABOUT.
I want to buy a new tie,TIE NEW I WANT BUY.
I need a small handheld vacuum,HANDHELD VACUUM SMALL I NEED.
The movie was realistic,MOVIE REALISTIC WAS.
I will organize the laundry room,LAUNDRY ROOM I WILL ORGANIZE.
I need to find the flash drive,FLASH DRIVE I NEED FIND.
I am going to the bank today,TODAY I GO BANK.
I want to try deep-sea fishing,DEEP-SEA FISHING I WANT TRY.
I need a new pair of running shoes,RUNNING SHOES PAIR NEW I NEED.
The sidewalk is cracked,SIDEWALK CRACKED.
I will check the thermostat,THERMOSTAT I WILL CHECK.
I need to buy a box of tea bags,TEA BAGS BOX I NEED BUY.
I am thinking about tomorrow's schedule,TOMORROW SCHEDULE I THINKING ABOUT.
I want to be a better listener,LISTENER BETTER I WANT BE.
I need a fireproof safe,SAFE FIREPROOF I NEED.
The car is running smoothly,CAR RUNNING SMOOTHLY.
I need to check the house alarm,HOUSE ALARM I NEED CHECK.
The movie was highly recommended,MOVIE RECOMMENDED HIGHLY.
I will visit a botanical garden,BOTANICAL GARDEN I WILL VISIT.
I need to buy a pair of wool gloves,GLOVES WOOL PAIR I NEED BUY.
I am searching for old recipes,RECIPES OLD I SEARCHING FOR.
I want to learn about economics,ECONOMICS I WANT LEARN ABOUT.
I need a large wooden spoon,WOODEN SPOON LARGE I NEED.
The clock is two minutes slow,CLOCK TWO MINUTES SLOW.
I will clean the light fixtures,LIGHT FIXTURES I WILL CLEAN.
I need to find a luggage cart,LUGGAGE CART I NEED FIND.
I am happy to be included,INCLUDED I HAPPY BE.
I want to try fishing,FISHING I WANT TRY.
I need a small portable heater,HEATER PORTABLE SMALL I NEED.
The soup is flavorful,SOUP FLAVORFUL.
I will organize my clothing,CLOTHING MY I WILL ORGANIZE.
I need to check the garage door,GARAGE DOOR I NEED CHECK.
I am worried about the flight delay,FLIGHT DELAY I WORRIED ABOUT.
I want to be more understanding,UNDERSTANDING MORE I WANT BE.
I need a heavy wool blanket,BLANKET WOOL HEAVY I NEED.
The book is brand new,BOOK BRAND NEW.
I will wash the dishcloths,DISHCLOTHS I WILL WASH.
I need to buy a water filter,WATER FILTER I NEED BUY.
I am reading a fantasy novel,NOVEL FANTASY I READING.
I want to learn about local politics,POLITICS LOCAL I WANT LEARN ABOUT.
I need a box of push pins,PUSH PINS BOX I NEED.
The floor is slippery,FLOOR SLIPPERY.
I will check the back door lock,BACK DOOR LOCK I WILL CHECK.
I need to find the correct channel,CHANNEL CORRECT I NEED FIND.
I am feeling refreshed,I FEEL REFRESHED.
I want to buy an electric kettle,KETTLE ELECTRIC I WANT BUY.
I need a garden rake,GARDEN RAKE I NEED.
The water is clear,WATER CLEAR.
I will fold the sheets,SHEETS I WILL FOLD.
I need to check the car windshield,CAR WINDSHIELD I NEED CHECK.
I am thinking about our friendship,FRIENDSHIP OUR I THINKING ABOUT.
I want to try cross-stitching,CROSS-STITCHING I WANT TRY.
I need a set of measuring spoons,MEASURING SPOONS SET I NEED.
The movie is suspenseful,MOVIE SUSPENSEFUL.
I will bring my rain gear,RAIN GEAR MY I WILL BRING.
I need to find the address label,ADDRESS LABEL I NEED FIND.
I am planning a small get-together,GET-TOGETHER SMALL I PLANNING.
I want to run a successful business,BUSINESS SUCCESSFUL I WANT RUN.
I need a new backpack strap,BACKPACK STRAP NEW I NEED.
The wind is gentle,WIND GENTLE.
I will organize the tool shed,TOOL SHED I WILL ORGANIZE.
I need to check the battery cables,BATTERY CABLES I NEED CHECK.
I am going to the laundromat now,NOW I GO LAUNDROMAT.
I want to learn to play darts,DARTS I WANT LEARN PLAY.
I need a rubber door stop,DOOR STOP RUBBER I NEED.
The sofa is old,SOFA OLD.
I will clean the refrigerator shelves,REFRIGERATOR SHELVES I WILL CLEAN.
I need to find the correct wrench,WRENCH CORRECT I NEED FIND.
I am feeling confused,I FEEL CONFUSED.
I want to buy a pair of running shorts,RUNNING SHORTS PAIR I WANT BUY.
I need a small wall clock,WALL CLOCK SMALL I NEED.
The soup is hot,SOUP HOT.
I will bring my camera,CAMERA MY I WILL BRING.
I need to check the air vents,AIR VENTS I NEED CHECK.
I am thinking about my childhood home,CHILDHOOD HOME MY I THINKING ABOUT.
I want to be more financially stable,FINANCIALLY STABLE MORE I WANT BE.
I need a small fire extinguisher,FIRE EXTINGUISHER SMALL I NEED.
The music is mellow,MUSIC MELLOW.
I will write a detailed report,REPORT DETAILED I WILL WRITE.
I need to find the power outlet,POWER OUTLET I NEED FIND.
I am attending a press conference,PRESS CONFERENCE I ATTENDING.
I want to visit a foreign city,CITY FOREIGN I WANT VISIT.
I need a new pair of house shoes,HOUSE SHOES PAIR NEW I NEED.
The train is late,TRAIN LATE.
I will check the back gate,BACK GATE I WILL CHECK.
I need to buy a new belt buckle,BELT BUCKLE NEW I NEED BUY.
I am looking for a quick fix,FIX QUICK I LOOKING FOR.
I want to learn about architecture,ARCHITECTURE I WANT LEARN ABOUT.
I need a pack of sticky notes,STICKY NOTES PACK I NEED.
The floor is clean,FLOOR CLEAN.
I will take an earlier flight,FLIGHT EARLIER I WILL TAKE.
I need to check the window latch,WINDOW LATCH I NEED CHECK.
I am planning my retirement,RETIREMENT I PLANNING.
I want to try volunteering,VOLUNTEERING I WANT TRY.
I need a large roll of tape,TAPE ROLL LARGE I NEED.
The lamp is antique,LAMP ANTIQUE.
I will organize my jewelry,JEWELRY MY I WILL ORGANIZE.
I need to find the instruction video,INSTRUCTION VIDEO I NEED FIND.
I am going to the mechanic,I GO MECHANIC.
I want to buy a comfortable chair,CHAIR COMFORTABLE I WANT BUY.
I need a small cutting knife,CUTTING KNIFE SMALL I NEED.
The road is clear,ROAD CLEAR.
I will check the front porch,FRONT PORCH I WILL CHECK.
I need to buy a new welcome sign,WELCOME SIGN NEW I NEED BUY.
I am feeling determined,I FEEL DETERMINED.
I want to learn sign language,SIGN LANGUAGE I WANT LEARN.
I need a weather thermometer,THERMOMETER WEATHER I NEED.
The dog is asleep,DOG ASLEEP.
I will check the thermostat setting,THERMOSTAT SETTING I WILL CHECK.
I need to buy a box of envelopes,ENVELOPES BOX I NEED BUY.
I am studying abroad next semester,NEXT SEMESTER I STUDYING ABROAD.
I want to buy a new television stand,TELEVISION STAND NEW I WANT BUY.
I need a large serving bowl,SERVING BOWL LARGE I NEED.
The movie was short,MOVIE SHORT WAS.
I need to check the house wiring,HOUSE WIRING I NEED CHECK.
The movie was based on a true story,MOVIE BASED ON TRUE STORY.
I will visit a castle ruin,CASTLE RUIN I WILL VISIT.
I need to buy a pair of snow pants,SNOW PANTS PAIR I NEED BUY.
I am searching for old letters,LETTERS OLD I SEARCHING FOR.
I want to learn about chemistry,CHEMISTRY I WANT LEARN ABOUT.
I need a large wooden cutting board,CUTTING BOARD WOODEN LARGE I NEED.
The clock is an hour fast,CLOCK ONE HOUR FAST.
I will clean the air fryer,AIR FRYER I WILL CLEAN.
I need to find the exit route,EXIT ROUTE I NEED FIND.
I am happy to be working here,WORKING HERE I HAPPY BE.
I want to try spelunking,SPELUNKING I WANT TRY.
I need a small portable fan,FAN PORTABLE SMALL I NEED.
The tea is very bitter,TEA BITTER VERY.
I will organize my recipes,RECIPES MY I WILL ORGANIZE.
I need to check the water heater,WATER HEATER I NEED CHECK.
I am worried about the test results,TEST RESULTS I WORRIED ABOUT.
I want to be more observant,OBSERVANT MORE I WANT BE.
I need a heavy duty tarp,TARP HEAVY DUTY I NEED.
The book is an anthology,BOOK ANTHOLOGY.
I will wash the curtains,CURTAINS I WILL WASH.
I need to buy a cat carrier,CAT CARRIER I NEED BUY.
I am reading a historical document,DOCUMENT HISTORICAL I READING.
I want to learn about space exploration,SPACE EXPLORATION I WANT LEARN ABOUT.
I need a box of chalk,CHALK BOX I NEED.
The paint is peeling,PAINT PEELING.
I will check the back door alarm,BACK DOOR ALARM I WILL CHECK.
I need to find the nearest ATM,ATM NEAREST I NEED FIND.
I am feeling motivated,I FEEL MOTIVATED.
I want to buy an adjustable desk,DESK ADJUSTABLE I WANT BUY.
I need a cordless drill,DRILL CORDLESS I NEED.
The water is lukewarm,WATER LUKEWARM.
I will fold the handkerchiefs,HANDKERCHIEFS I WILL FOLD.
I need to check the tire valve,TIRE VALVE I NEED CHECK.
I am thinking about our future,FUTURE OUR I THINKING ABOUT.
I want to try embroidery,EMBROIDERY I WANT TRY.
I need a set of kitchen tongs,KITCHEN TONGS SET I NEED.
The movie is action-packed,MOVIE ACTION PACKED.
I will bring my own water bottle,WATER BOTTLE OWN I WILL BRING.
I need to find the train platform,TRAIN PLATFORM I NEED FIND.
I am planning a graduation party,GRADUATION PARTY I PLANNING.
I want to run a marathon,MARATHON I WANT RUN.
I need a new laptop sleeve,LAPTOP SLEEVE NEW I NEED.
The air is fresh,AIR FRESH.
I will organize the junk drawer,JUNK DRAWER I WILL ORGANIZE.
I need to check the brake pads,BRAKE PADS I NEED CHECK.
I am going to the dentist tomorrow,TOMORROW I GO DENTIST.
I want to learn to play banjo,BANJO I WANT LEARN PLAY.
I need a small medicine cabinet,MEDICINE CABINET SMALL I NEED.
The bench is hard,BENCH HARD.
I will clean the baseboards,BASEBOARDS I WILL CLEAN.
I need to find the lost key,KEY LOST I NEED FIND.
I am feeling hopeful,I FEEL HOPEFUL.
I want to buy a pair of sunglasses,SUNGLASSES PAIR I WANT BUY.
I need a heavy winter coat,WINTER COAT HEAVY I NEED.
The soup is bland,SOUP BLAND.
I will bring a potluck dish,POTLUCK DISH I WILL BRING.
I need to check the car insurance,CAR INSURANCE I NEED CHECK.
I am thinking about my old school,SCHOOL OLD MY I THINKING ABOUT.
I want to be more flexible,FLEXIBLE MORE I WANT BE.
I need a set of paint brushes,PAINT BRUSHES SET I NEED.
The music is nostalgic,MUSIC NOSTALGIC.
I will write a thank-you card,THANK-YOU CARD I WILL WRITE.
I need to find the meeting room,MEETING ROOM I NEED FIND.
I am attending a workshop,WORKSHOP I ATTENDING.
I want to visit a national monument,MONUMENT NATIONAL I WANT VISIT.
I need a small first aid kit,FIRST AID KIT SMALL I NEED.
The cable is loose,CABLE LOOSE.
I will check the back porch,BACK PORCH I WILL CHECK.
I need to buy a bicycle pump,BICYCLE PUMP I NEED BUY.
I am looking for a quiet cafe,CAFE QUIET I LOOKING FOR.
I want to learn about geology,GEOLOGY I WANT LEARN ABOUT.
I need a pair of reading glasses,READING GLASSES PAIR I NEED.
The water is moving slowly,WATER MOVING SLOWLY.
I will take a photograph,PHOTOGRAPH I WILL TAKE.
I need to check the light switch,LIGHT SWITCH I NEED CHECK.
I am planning my budget,BUDGET I PLANNING.
I want to try surfing,SURFING I WANT TRY.
I need a new vacuum bag,VACUUM BAG NEW I NEED.
The phone is muted,PHONE MUTED.
I will turn down the volume,VOLUME I WILL TURN DOWN.
I need to find the gift receipt,GIFT RECEIPT I NEED FIND.
I am feeling peaceful,I FEEL PEACEFUL.
I want to buy a new watch,WATCH NEW I WANT BUY.
I need a small desk organizer,DESK ORGANIZER SMALL I NEED.
The food is too oily,FOOD OILY TOO.
I will check the back door,BACK DOOR I WILL CHECK.
I need to buy new windshield wipers,WINDSHIELD WIPERS NEW I NEED BUY.
I am studying psychology,PSYCHOLOGY I STUDYING.
I want to buy a small rug,RUG SMALL I WANT BUY.
I need a pair of headphones,HEADPHONES PAIR I NEED.
The movie was great,MOVIE GREAT WAS.
I will write a note,NOTE I WILL WRITE.
I need to find the correct exit,EXIT CORRECT I NEED FIND.
I am going to the theater,I GO THEATER.
I want to try gardening,GARDENING I WANT TRY.
I need a power strip,POWER STRIP I NEED.
The air is thick,AIR THICK.